Workbook

Sheet Records
A1: Record ID | B1: Source | C1: Raw Name | D1: Raw Email | E1: Date Added | F1: Trimmed Name | G1: Normalized Email | H1: Missing Name? | I1: Missing Email? | J1: Valid Email Syntax? | K1: Valid Email (Usable Key)? | L1: Needs Review? | M1: Duplicate Email? | N1: Date Rank In Group (1=Latest) | O1: Group Key
A2: R001 | B2: Original | C2: Alice Johnson | D2: alice.johnson@example.com | E2: 45667 | F2: =TRIM(C2) -> Alice Johnson | G2: =LOWER(TRIM(D2)) -> alice.johnson@example.com | H2: =F2="" -> FALSE | I2: =G2="" -> FALSE | J2: =IF(I2,FALSE(),AND(ISNUMBER(SEARCH("@",G2)),LEN(G2)-LEN(SUBSTITUTE(G2,"@",""))=1,LEFT(G2,1)<>"@",RIGHT(G2,1)<>"@",ISNUMBER(SEARCH(".",G2,SEARCH("@",G2)+2)),RIGHT(G2,1)<>".",LEN(G2)=LEN(SUBSTITUTE(G2," ","")))) -> TRUE | K2: =AND(NOT(I2),J2) -> TRUE | L2: =OR(H2,NOT(K2)) -> FALSE | M2: =IF(NOT(K2),"",IF(COUNTIFS(Records!$G$2:$G$27,G2,Records!$K$2:$K$27,TRUE())>1,TRUE(),FALSE())) -> FALSE | N2: =IF(K2,SUMPRODUCT((Records!$G$2:$G$27=G2)*(Records!$K$2:$K$27=TRUE())*(Records!$E$2:$E$27>E2))+SUMPRODUCT((Records!$G$2:$G$27=G2)*(Records!$K$2:$K$27=TRUE())*(Records!$E$2:$E$27=E2)*(Records!$A$2:$A$27>A2))+1,"") -> 1 | O2: =IF(K2,G2&"|"&N2,"") -> alice.johnson@example.com|1
A3: R002 | B3: Original | C3: Bob Smith | D3: Bob.Smith@Example.com | E3: 45668 | F3: =TRIM(C3) -> Bob Smith | G3: =LOWER(TRIM(D3)) -> bob.smith@example.com | H3: =F3="" -> FALSE | I3: =G3="" -> FALSE | J3: =IF(I3,FALSE(),AND(ISNUMBER(SEARCH("@",G3)),LEN(G3)-LEN(SUBSTITUTE(G3,"@",""))=1,LEFT(G3,1)<>"@",RIGHT(G3,1)<>"@",ISNUMBER(SEARCH(".",G3,SEARCH("@",G3)+2)),RIGHT(G3,1)<>".",LEN(G3)=LEN(SUBSTITUTE(G3," ","")))) -> TRUE | K3: =AND(NOT(I3),J3) -> TRUE | L3: =OR(H3,NOT(K3)) -> FALSE | M3: =IF(NOT(K3),"",IF(COUNTIFS(Records!$G$2:$G$27,G3,Records!$K$2:$K$27,TRUE())>1,TRUE(),FALSE())) -> TRUE | N3: =IF(K3,SUMPRODUCT((Records!$G$2:$G$27=G3)*(Records!$K$2:$K$27=TRUE())*(Records!$E$2:$E$27>E3))+SUMPRODUCT((Records!$G$2:$G$27=G3)*(Records!$K$2:$K$27=TRUE())*(Records!$E$2:$E$27=E3)*(Records!$A$2:$A$27>A3))+1,"") -> 3 | O3: =IF(K3,G3&"|"&N3,"") -> bob.smith@example.com|3
A4: R003 | B4: Original | C4: Carla Gomez | D4: carla.gomez@example.com | E4: 45669 | F4: =TRIM(C4) -> Carla Gomez | G4: =LOWER(TRIM(D4)) -> carla.gomez@example.com | H4: =F4="" -> FALSE | I4: =G4="" -> FALSE | J4: =IF(I4,FALSE(),AND(ISNUMBER(SEARCH("@",G4)),LEN(G4)-LEN(SUBSTITUTE(G4,"@",""))=1,LEFT(G4,1)<>"@",RIGHT(G4,1)<>"@",ISNUMBER(SEARCH(".",G4,SEARCH("@",G4)+2)),RIGHT(G4,1)<>".",LEN(G4)=LEN(SUBSTITUTE(G4," ","")))) -> TRUE | K4: =AND(NOT(I4),J4) -> TRUE | L4: =OR(H4,NOT(K4)) -> FALSE | M4: =IF(NOT(K4),"",IF(COUNTIFS(Records!$G$2:$G$27,G4,Records!$K$2:$K$27,TRUE())>1,TRUE(),FALSE())) -> TRUE | N4: =IF(K4,SUMPRODUCT((Records!$G$2:$G$27=G4)*(Records!$K$2:$K$27=TRUE())*(Records!$E$2:$E$27>E4))+SUMPRODUCT((Records!$G$2:$G$27=G4)*(Records!$K$2:$K$27=TRUE())*(Records!$E$2:$E$27=E4)*(Records!$A$2:$A$27>A4))+1,"") -> 2 | O4: =IF(K4,G4&"|"&N4,"") -> carla.gomez@example.com|2
A5: R004 | B5: Original | C5: David Lee | D5: david.lee@example.com | E5: 45670 | F5: =TRIM(C5) -> David Lee | G5: =LOWER(TRIM(D5)) -> david.lee@example.com | H5: =F5="" -> FALSE | I5: =G5="" -> FALSE | J5: =IF(I5,FALSE(),AND(ISNUMBER(SEARCH("@",G5)),LEN(G5)-LEN(SUBSTITUTE(G5,"@",""))=1,LEFT(G5,1)<>"@",RIGHT(G5,1)<>"@",ISNUMBER(SEARCH(".",G5,SEARCH("@",G5)+2)),RIGHT(G5,1)<>".",LEN(G5)=LEN(SUBSTITUTE(G5," ","")))) -> TRUE | K5: =AND(NOT(I5),J5) -> TRUE | L5: =OR(H5,NOT(K5)) -> FALSE | M5: =IF(NOT(K5),"",IF(COUNTIFS(Records!$G$2:$G$27,G5,Records!$K$2:$K$27,TRUE())>1,TRUE(),FALSE())) -> FALSE | N5: =IF(K5,SUMPRODUCT((Records!$G$2:$G$27=G5)*(Records!$K$2:$K$27=TRUE())*(Records!$E$2:$E$27>E5))+SUMPRODUCT((Records!$G$2:$G$27=G5)*(Records!$K$2:$K$27=TRUE())*(Records!$E$2:$E$27=E5)*(Records!$A$2:$A$27>A5))+1,"") -> 1 | O5: =IF(K5,G5&"|"&N5,"") -> david.lee@example.com|1
A6: R005 | B6: Original | C6: Erin Walsh | D6: erin.walsh@example | E6: 45671 | F6: =TRIM(C6) -> Erin Walsh | G6: =LOWER(TRIM(D6)) -> erin.walsh@example | H6: =F6="" -> FALSE | I6: =G6="" -> FALSE | J6: =IF(I6,FALSE(),AND(ISNUMBER(SEARCH("@",G6)),LEN(G6)-LEN(SUBSTITUTE(G6,"@",""))=1,LEFT(G6,1)<>"@",RIGHT(G6,1)<>"@",ISNUMBER(SEARCH(".",G6,SEARCH("@",G6)+2)),RIGHT(G6,1)<>".",LEN(G6)=LEN(SUBSTITUTE(G6," ","")))) -> FALSE | K6: =AND(NOT(I6),J6) -> FALSE | L6: =OR(H6,NOT(K6)) -> TRUE | M6: =IF(NOT(K6),"",IF(COUNTIFS(Records!$G$2:$G$27,G6,Records!$K$2:$K$27,TRUE())>1,TRUE(),FALSE())) | N6: =IF(K6,SUMPRODUCT((Records!$G$2:$G$27=G6)*(Records!$K$2:$K$27=TRUE())*(Records!$E$2:$E$27>E6))+SUMPRODUCT((Records!$G$2:$G$27=G6)*(Records!$K$2:$K$27=TRUE())*(Records!$E$2:$E$27=E6)*(Records!$A$2:$A$27>A6))+1,"") | O6: =IF(K6,G6&"|"&N6,"")
A7: R006 | B7: Original | D7: frank.miller@example.com | E7: 45672 | F7: =TRIM(C7) | G7: =LOWER(TRIM(D7)) -> frank.miller@example.com | H7: =F7="" -> TRUE | I7: =G7="" -> FALSE | J7: =IF(I7,FALSE(),AND(ISNUMBER(SEARCH("@",G7)),LEN(G7)-LEN(SUBSTITUTE(G7,"@",""))=1,LEFT(G7,1)<>"@",RIGHT(G7,1)<>"@",ISNUMBER(SEARCH(".",G7,SEARCH("@",G7)+2)),RIGHT(G7,1)<>".",LEN(G7)=LEN(SUBSTITUTE(G7," ","")))) -> TRUE | K7: =AND(NOT(I7),J7) -> TRUE | L7: =OR(H7,NOT(K7)) -> TRUE | M7: =IF(NOT(K7),"",IF(COUNTIFS(Records!$G$2:$G$27,G7,Records!$K$2:$K$27,TRUE())>1,TRUE(),FALSE())) -> TRUE | N7: =IF(K7,SUMPRODUCT((Records!$G$2:$G$27=G7)*(Records!$K$2:$K$27=TRUE())*(Records!$E$2:$E$27>E7))+SUMPRODUCT((Records!$G$2:$G$27=G7)*(Records!$K$2:$K$27=TRUE())*(Records!$E$2:$E$27=E7)*(Records!$A$2:$A$27>A7))+1,"") -> 2 | O7: =IF(K7,G7&"|"&N7,"") -> frank.miller@example.com|2
A8: R007 | B8: Original | C8: Grace Kim | E8: 45673 | F8: =TRIM(C8) -> Grace Kim | G8: =LOWER(TRIM(D8)) | H8: =F8="" -> FALSE | I8: =G8="" -> TRUE | J8: =IF(I8,FALSE(),AND(ISNUMBER(SEARCH("@",G8)),LEN(G8)-LEN(SUBSTITUTE(G8,"@",""))=1,LEFT(G8,1)<>"@",RIGHT(G8,1)<>"@",ISNUMBER(SEARCH(".",G8,SEARCH("@",G8)+2)),RIGHT(G8,1)<>".",LEN(G8)=LEN(SUBSTITUTE(G8," ","")))) -> FALSE | K8: =AND(NOT(I8),J8) -> FALSE | L8: =OR(H8,NOT(K8)) -> TRUE | M8: =IF(NOT(K8),"",IF(COUNTIFS(Records!$G$2:$G$27,G8,Records!$K$2:$K$27,TRUE())>1,TRUE(),FALSE())) | N8: =IF(K8,SUMPRODUCT((Records!$G$2:$G$27=G8)*(Records!$K$2:$K$27=TRUE())*(Records!$E$2:$E$27>E8))+SUMPRODUCT((Records!$G$2:$G$27=G8)*(Records!$K$2:$K$27=TRUE())*(Records!$E$2:$E$27=E8)*(Records!$A$2:$A$27>A8))+1,"") | O8: =IF(K8,G8&"|"&N8,"")
A9: R008 | B9: Original | C9: Henry Ford | D9: henry.ford@example.com | E9: 45674 | F9: =TRIM(C9) -> Henry Ford | G9: =LOWER(TRIM(D9)) -> henry.ford@example.com | H9: =F9="" -> FALSE | I9: =G9="" -> FALSE | J9: =IF(I9,FALSE(),AND(ISNUMBER(SEARCH("@",G9)),LEN(G9)-LEN(SUBSTITUTE(G9,"@",""))=1,LEFT(G9,1)<>"@",RIGHT(G9,1)<>"@",ISNUMBER(SEARCH(".",G9,SEARCH("@",G9)+2)),RIGHT(G9,1)<>".",LEN(G9)=LEN(SUBSTITUTE(G9," ","")))) -> TRUE | K9: =AND(NOT(I9),J9) -> TRUE | L9: =OR(H9,NOT(K9)) -> FALSE | M9: =IF(NOT(K9),"",IF(COUNTIFS(Records!$G$2:$G$27,G9,Records!$K$2:$K$27,TRUE())>1,TRUE(),FALSE())) -> FALSE | N9: =IF(K9,SUMPRODUCT((Records!$G$2:$G$27=G9)*(Records!$K$2:$K$27=TRUE())*(Records!$E$2:$E$27>E9))+SUMPRODUCT((Records!$G$2:$G$27=G9)*(Records!$K$2:$K$27=TRUE())*(Records!$E$2:$E$27=E9)*(Records!$A$2:$A$27>A9))+1,"") -> 1 | O9: =IF(K9,G9&"|"&N9,"") -> henry.ford@example.com|1
A10: R009 | B10: Original | C10: Isla Turner | D10: isla.turner@example.com | E10: 45675 | F10: =TRIM(C10) -> Isla Turner | G10: =LOWER(TRIM(D10)) -> isla.turner@example.com | H10: =F10="" -> FALSE | I10: =G10="" -> FALSE | J10: =IF(I10,FALSE(),AND(ISNUMBER(SEARCH("@",G10)),LEN(G10)-LEN(SUBSTITUTE(G10,"@",""))=1,LEFT(G10,1)<>"@",RIGHT(G10,1)<>"@",ISNUMBER(SEARCH(".",G10,SEARCH("@",G10)+2)),RIGHT(G10,1)<>".",LEN(G10)=LEN(SUBSTITUTE(G10," ","")))) -> TRUE | K10: =AND(NOT(I10),J10) -> TRUE | L10: =OR(H10,NOT(K10)) -> FALSE | M10: =IF(NOT(K10),"",IF(COUNTIFS(Records!$G$2:$G$27,G10,Records!$K$2:$K$27,TRUE())>1,TRUE(),FALSE())) -> FALSE | N10: =IF(K10,SUMPRODUCT((Records!$G$2:$G$27=G10)*(Records!$K$2:$K$27=TRUE())*(Records!$E$2:$E$27>E10))+SUMPRODUCT((Records!$G$2:$G$27=G10)*(Records!$K$2:$K$27=TRUE())*(Records!$E$2:$E$27=E10)*(Records!$A$2:$A$27>A10))+1,"") -> 1 | O10: =IF(K10,G10&"|"&N10,"") -> isla.turner@example.com|1
A11: R010 | B11: Original | C11: Jack Nolan | D11: jack.nolan@example.com | E11: 45676 | F11: =TRIM(C11) -> Jack Nolan | G11: =LOWER(TRIM(D11)) -> jack.nolan@example.com | H11: =F11="" -> FALSE | I11: =G11="" -> FALSE | J11: =IF(I11,FALSE(),AND(ISNUMBER(SEARCH("@",G11)),LEN(G11)-LEN(SUBSTITUTE(G11,"@",""))=1,LEFT(G11,1)<>"@",RIGHT(G11,1)<>"@",ISNUMBER(SEARCH(".",G11,SEARCH("@",G11)+2)),RIGHT(G11,1)<>".",LEN(G11)=LEN(SUBSTITUTE(G11," ","")))) -> TRUE | K11: =AND(NOT(I11),J11) -> TRUE | L11: =OR(H11,NOT(K11)) -> FALSE | M11: =IF(NOT(K11),"",IF(COUNTIFS(Records!$G$2:$G$27,G11,Records!$K$2:$K$27,TRUE())>1,TRUE(),FALSE())) -> FALSE | N11: =IF(K11,SUMPRODUCT((Records!$G$2:$G$27=G11)*(Records!$K$2:$K$27=TRUE())*(Records!$E$2:$E$27>E11))+SUMPRODUCT((Records!$G$2:$G$27=G11)*(Records!$K$2:$K$27=TRUE())*(Records!$E$2:$E$27=E11)*(Records!$A$2:$A$27>A11))+1,"") -> 1 | O11: =IF(K11,G11&"|"&N11,"") -> jack.nolan@example.com|1
A12: R011 | B12: Original | C12: Karen Diaz | D12: karen.diaz@example.com | E12: 45677 | F12: =TRIM(C12) -> Karen Diaz | G12: =LOWER(TRIM(D12)) -> karen.diaz@example.com | H12: =F12="" -> FALSE | I12: =G12="" -> FALSE | J12: =IF(I12,FALSE(),AND(ISNUMBER(SEARCH("@",G12)),LEN(G12)-LEN(SUBSTITUTE(G12,"@",""))=1,LEFT(G12,1)<>"@",RIGHT(G12,1)<>"@",ISNUMBER(SEARCH(".",G12,SEARCH("@",G12)+2)),RIGHT(G12,1)<>".",LEN(G12)=LEN(SUBSTITUTE(G12," ","")))) -> TRUE | K12: =AND(NOT(I12),J12) -> TRUE | L12: =OR(H12,NOT(K12)) -> FALSE | M12: =IF(NOT(K12),"",IF(COUNTIFS(Records!$G$2:$G$27,G12,Records!$K$2:$K$27,TRUE())>1,TRUE(),FALSE())) -> FALSE | N12: =IF(K12,SUMPRODUCT((Records!$G$2:$G$27=G12)*(Records!$K$2:$K$27=TRUE())*(Records!$E$2:$E$27>E12))+SUMPRODUCT((Records!$G$2:$G$27=G12)*(Records!$K$2:$K$27=TRUE())*(Records!$E$2:$E$27=E12)*(Records!$A$2:$A$27>A12))+1,"") -> 1 | O12: =IF(K12,G12&"|"&N12,"") -> karen.diaz@example.com|1
A13: R012 | B13: Original | C13: Liam Chen | D13: liam.chen@example.com | E13: 45678 | F13: =TRIM(C13) -> Liam Chen | G13: =LOWER(TRIM(D13)) -> liam.chen@example.com | H13: =F13="" -> FALSE | I13: =G13="" -> FALSE | J13: =IF(I13,FALSE(),AND(ISNUMBER(SEARCH("@",G13)),LEN(G13)-LEN(SUBSTITUTE(G13,"@",""))=1,LEFT(G13,1)<>"@",RIGHT(G13,1)<>"@",ISNUMBER(SEARCH(".",G13,SEARCH("@",G13)+2)),RIGHT(G13,1)<>".",LEN(G13)=LEN(SUBSTITUTE(G13," ","")))) -> TRUE | K13: =AND(NOT(I13),J13) -> TRUE | L13: =OR(H13,NOT(K13)) -> FALSE | M13: =IF(NOT(K13),"",IF(COUNTIFS(Records!$G$2:$G$27,G13,Records!$K$2:$K$27,TRUE())>1,TRUE(),FALSE())) -> FALSE | N13: =IF(K13,SUMPRODUCT((Records!$G$2:$G$27=G13)*(Records!$K$2:$K$27=TRUE())*(Records!$E$2:$E$27>E13))+SUMPRODUCT((Records!$G$2:$G$27=G13)*(Records!$K$2:$K$27=TRUE())*(Records!$E$2:$E$27=E13)*(Records!$A$2:$A$27>A13))+1,"") -> 1 | O13: =IF(K13,G13&"|"&N13,"") -> liam.chen@example.com|1
A14: R013 | B14: Original | C14: Mona Patel | D14: mona.patel@@example.com | E14: 45679 | F14: =TRIM(C14) -> Mona Patel | G14: =LOWER(TRIM(D14)) -> mona.patel@@example.com | H14: =F14="" -> FALSE | I14: =G14="" -> FALSE | J14: =IF(I14,FALSE(),AND(ISNUMBER(SEARCH("@",G14)),LEN(G14)-LEN(SUBSTITUTE(G14,"@",""))=1,LEFT(G14,1)<>"@",RIGHT(G14,1)<>"@",ISNUMBER(SEARCH(".",G14,SEARCH("@",G14)+2)),RIGHT(G14,1)<>".",LEN(G14)=LEN(SUBSTITUTE(G14," ","")))) -> FALSE | K14: =AND(NOT(I14),J14) -> FALSE | L14: =OR(H14,NOT(K14)) -> TRUE | M14: =IF(NOT(K14),"",IF(COUNTIFS(Records!$G$2:$G$27,G14,Records!$K$2:$K$27,TRUE())>1,TRUE(),FALSE())) | N14: =IF(K14,SUMPRODUCT((Records!$G$2:$G$27=G14)*(Records!$K$2:$K$27=TRUE())*(Records!$E$2:$E$27>E14))+SUMPRODUCT((Records!$G$2:$G$27=G14)*(Records!$K$2:$K$27=TRUE())*(Records!$E$2:$E$27=E14)*(Records!$A$2:$A$27>A14))+1,"") | O14: =IF(K14,G14&"|"&N14,"")
A15: R014 | B15: Original | C15: Noah White | D15: noah.white@example.com | E15: 45680 | F15: =TRIM(C15) -> Noah White | G15: =LOWER(TRIM(D15)) -> noah.white@example.com | H15: =F15="" -> FALSE | I15: =G15="" -> FALSE | J15: =IF(I15,FALSE(),AND(ISNUMBER(SEARCH("@",G15)),LEN(G15)-LEN(SUBSTITUTE(G15,"@",""))=1,LEFT(G15,1)<>"@",RIGHT(G15,1)<>"@",ISNUMBER(SEARCH(".",G15,SEARCH("@",G15)+2)),RIGHT(G15,1)<>".",LEN(G15)=LEN(SUBSTITUTE(G15," ","")))) -> TRUE | K15: =AND(NOT(I15),J15) -> TRUE | L15: =OR(H15,NOT(K15)) -> FALSE | M15: =IF(NOT(K15),"",IF(COUNTIFS(Records!$G$2:$G$27,G15,Records!$K$2:$K$27,TRUE())>1,TRUE(),FALSE())) -> FALSE | N15: =IF(K15,SUMPRODUCT((Records!$G$2:$G$27=G15)*(Records!$K$2:$K$27=TRUE())*(Records!$E$2:$E$27>E15))+SUMPRODUCT((Records!$G$2:$G$27=G15)*(Records!$K$2:$K$27=TRUE())*(Records!$E$2:$E$27=E15)*(Records!$A$2:$A$27>A15))+1,"") -> 1 | O15: =IF(K15,G15&"|"&N15,"") -> noah.white@example.com|1
A16: R015 | B16: Original | C16: Olivia Brooks | D16: olivia.brooks@example.com | E16: 45681 | F16: =TRIM(C16) -> Olivia Brooks | G16: =LOWER(TRIM(D16)) -> olivia.brooks@example.com | H16: =F16="" -> FALSE | I16: =G16="" -> FALSE | J16: =IF(I16,FALSE(),AND(ISNUMBER(SEARCH("@",G16)),LEN(G16)-LEN(SUBSTITUTE(G16,"@",""))=1,LEFT(G16,1)<>"@",RIGHT(G16,1)<>"@",ISNUMBER(SEARCH(".",G16,SEARCH("@",G16)+2)),RIGHT(G16,1)<>".",LEN(G16)=LEN(SUBSTITUTE(G16," ","")))) -> TRUE | K16: =AND(NOT(I16),J16) -> TRUE | L16: =OR(H16,NOT(K16)) -> FALSE | M16: =IF(NOT(K16),"",IF(COUNTIFS(Records!$G$2:$G$27,G16,Records!$K$2:$K$27,TRUE())>1,TRUE(),FALSE())) -> FALSE | N16: =IF(K16,SUMPRODUCT((Records!$G$2:$G$27=G16)*(Records!$K$2:$K$27=TRUE())*(Records!$E$2:$E$27>E16))+SUMPRODUCT((Records!$G$2:$G$27=G16)*(Records!$K$2:$K$27=TRUE())*(Records!$E$2:$E$27=E16)*(Records!$A$2:$A$27>A16))+1,"") -> 1 | O16: =IF(K16,G16&"|"&N16,"") -> olivia.brooks@example.com|1
A17: R016 | B17: Original | C17: Bob Smith | D17: bob.smith@example.com | E17: 45682 | F17: =TRIM(C17) -> Bob Smith | G17: =LOWER(TRIM(D17)) -> bob.smith@example.com | H17: =F17="" -> FALSE | I17: =G17="" -> FALSE | J17: =IF(I17,FALSE(),AND(ISNUMBER(SEARCH("@",G17)),LEN(G17)-LEN(SUBSTITUTE(G17,"@",""))=1,LEFT(G17,1)<>"@",RIGHT(G17,1)<>"@",ISNUMBER(SEARCH(".",G17,SEARCH("@",G17)+2)),RIGHT(G17,1)<>".",LEN(G17)=LEN(SUBSTITUTE(G17," ","")))) -> TRUE | K17: =AND(NOT(I17),J17) -> TRUE | L17: =OR(H17,NOT(K17)) -> FALSE | M17: =IF(NOT(K17),"",IF(COUNTIFS(Records!$G$2:$G$27,G17,Records!$K$2:$K$27,TRUE())>1,TRUE(),FALSE())) -> TRUE | N17: =IF(K17,SUMPRODUCT((Records!$G$2:$G$27=G17)*(Records!$K$2:$K$27=TRUE())*(Records!$E$2:$E$27>E17))+SUMPRODUCT((Records!$G$2:$G$27=G17)*(Records!$K$2:$K$27=TRUE())*(Records!$E$2:$E$27=E17)*(Records!$A$2:$A$27>A17))+1,"") -> 2 | O17: =IF(K17,G17&"|"&N17,"") -> bob.smith@example.com|2
A18: R017 | B18: Original | C18: Carla G. Martinez | D18: CARLA.GOMEZ@EXAMPLE.COM | E18: 45670 | F18: =TRIM(C18) -> Carla G. Martinez | G18: =LOWER(TRIM(D18)) -> carla.gomez@example.com | H18: =F18="" -> FALSE | I18: =G18="" -> FALSE | J18: =IF(I18,FALSE(),AND(ISNUMBER(SEARCH("@",G18)),LEN(G18)-LEN(SUBSTITUTE(G18,"@",""))=1,LEFT(G18,1)<>"@",RIGHT(G18,1)<>"@",ISNUMBER(SEARCH(".",G18,SEARCH("@",G18)+2)),RIGHT(G18,1)<>".",LEN(G18)=LEN(SUBSTITUTE(G18," ","")))) -> TRUE | K18: =AND(NOT(I18),J18) -> TRUE | L18: =OR(H18,NOT(K18)) -> FALSE | M18: =IF(NOT(K18),"",IF(COUNTIFS(Records!$G$2:$G$27,G18,Records!$K$2:$K$27,TRUE())>1,TRUE(),FALSE())) -> TRUE | N18: =IF(K18,SUMPRODUCT((Records!$G$2:$G$27=G18)*(Records!$K$2:$K$27=TRUE())*(Records!$E$2:$E$27>E18))+SUMPRODUCT((Records!$G$2:$G$27=G18)*(Records!$K$2:$K$27=TRUE())*(Records!$E$2:$E$27=E18)*(Records!$A$2:$A$27>A18))+1,"") -> 1 | O18: =IF(K18,G18&"|"&N18,"") -> carla.gomez@example.com|1
A19: R018 | B19: Original | C19: Priya Shah | D19: priya.shah@example.com | E19: 45683 | F19: =TRIM(C19) -> Priya Shah | G19: =LOWER(TRIM(D19)) -> priya.shah@example.com | H19: =F19="" -> FALSE | I19: =G19="" -> FALSE | J19: =IF(I19,FALSE(),AND(ISNUMBER(SEARCH("@",G19)),LEN(G19)-LEN(SUBSTITUTE(G19,"@",""))=1,LEFT(G19,1)<>"@",RIGHT(G19,1)<>"@",ISNUMBER(SEARCH(".",G19,SEARCH("@",G19)+2)),RIGHT(G19,1)<>".",LEN(G19)=LEN(SUBSTITUTE(G19," ","")))) -> TRUE | K19: =AND(NOT(I19),J19) -> TRUE | L19: =OR(H19,NOT(K19)) -> FALSE | M19: =IF(NOT(K19),"",IF(COUNTIFS(Records!$G$2:$G$27,G19,Records!$K$2:$K$27,TRUE())>1,TRUE(),FALSE())) -> FALSE | N19: =IF(K19,SUMPRODUCT((Records!$G$2:$G$27=G19)*(Records!$K$2:$K$27=TRUE())*(Records!$E$2:$E$27>E19))+SUMPRODUCT((Records!$G$2:$G$27=G19)*(Records!$K$2:$K$27=TRUE())*(Records!$E$2:$E$27=E19)*(Records!$A$2:$A$27>A19))+1,"") -> 1 | O19: =IF(K19,G19&"|"&N19,"") -> priya.shah@example.com|1
A20: R019 | B20: New | C20: Quinn Adams | D20: quinn.adams@example.com | E20: 45689 | F20: =TRIM(C20) -> Quinn Adams | G20: =LOWER(TRIM(D20)) -> quinn.adams@example.com | H20: =F20="" -> FALSE | I20: =G20="" -> FALSE | J20: =IF(I20,FALSE(),AND(ISNUMBER(SEARCH("@",G20)),LEN(G20)-LEN(SUBSTITUTE(G20,"@",""))=1,LEFT(G20,1)<>"@",RIGHT(G20,1)<>"@",ISNUMBER(SEARCH(".",G20,SEARCH("@",G20)+2)),RIGHT(G20,1)<>".",LEN(G20)=LEN(SUBSTITUTE(G20," ","")))) -> TRUE | K20: =AND(NOT(I20),J20) -> TRUE | L20: =OR(H20,NOT(K20)) -> FALSE | M20: =IF(NOT(K20),"",IF(COUNTIFS(Records!$G$2:$G$27,G20,Records!$K$2:$K$27,TRUE())>1,TRUE(),FALSE())) -> FALSE | N20: =IF(K20,SUMPRODUCT((Records!$G$2:$G$27=G20)*(Records!$K$2:$K$27=TRUE())*(Records!$E$2:$E$27>E20))+SUMPRODUCT((Records!$G$2:$G$27=G20)*(Records!$K$2:$K$27=TRUE())*(Records!$E$2:$E$27=E20)*(Records!$A$2:$A$27>A20))+1,"") -> 1 | O20: =IF(K20,G20&"|"&N20,"") -> quinn.adams@example.com|1
A21: R020 | B21: New | C21: Bob Smith | D21: bob.smith@example.com | E21: 45690 | F21: =TRIM(C21) -> Bob Smith | G21: =LOWER(TRIM(D21)) -> bob.smith@example.com | H21: =F21="" -> FALSE | I21: =G21="" -> FALSE | J21: =IF(I21,FALSE(),AND(ISNUMBER(SEARCH("@",G21)),LEN(G21)-LEN(SUBSTITUTE(G21,"@",""))=1,LEFT(G21,1)<>"@",RIGHT(G21,1)<>"@",ISNUMBER(SEARCH(".",G21,SEARCH("@",G21)+2)),RIGHT(G21,1)<>".",LEN(G21)=LEN(SUBSTITUTE(G21," ","")))) -> TRUE | K21: =AND(NOT(I21),J21) -> TRUE | L21: =OR(H21,NOT(K21)) -> FALSE | M21: =IF(NOT(K21),"",IF(COUNTIFS(Records!$G$2:$G$27,G21,Records!$K$2:$K$27,TRUE())>1,TRUE(),FALSE())) -> TRUE | N21: =IF(K21,SUMPRODUCT((Records!$G$2:$G$27=G21)*(Records!$K$2:$K$27=TRUE())*(Records!$E$2:$E$27>E21))+SUMPRODUCT((Records!$G$2:$G$27=G21)*(Records!$K$2:$K$27=TRUE())*(Records!$E$2:$E$27=E21)*(Records!$A$2:$A$27>A21))+1,"") -> 1 | O21: =IF(K21,G21&"|"&N21,"") -> bob.smith@example.com|1
A22: R021 | B22: New | E22: 45691 | F22: =TRIM(C22) | G22: =LOWER(TRIM(D22)) | H22: =F22="" -> TRUE | I22: =G22="" -> TRUE | J22: =IF(I22,FALSE(),AND(ISNUMBER(SEARCH("@",G22)),LEN(G22)-LEN(SUBSTITUTE(G22,"@",""))=1,LEFT(G22,1)<>"@",RIGHT(G22,1)<>"@",ISNUMBER(SEARCH(".",G22,SEARCH("@",G22)+2)),RIGHT(G22,1)<>".",LEN(G22)=LEN(SUBSTITUTE(G22," ","")))) -> FALSE | K22: =AND(NOT(I22),J22) -> FALSE | L22: =OR(H22,NOT(K22)) -> TRUE | M22: =IF(NOT(K22),"",IF(COUNTIFS(Records!$G$2:$G$27,G22,Records!$K$2:$K$27,TRUE())>1,TRUE(),FALSE())) | N22: =IF(K22,SUMPRODUCT((Records!$G$2:$G$27=G22)*(Records!$K$2:$K$27=TRUE())*(Records!$E$2:$E$27>E22))+SUMPRODUCT((Records!$G$2:$G$27=G22)*(Records!$K$2:$K$27=TRUE())*(Records!$E$2:$E$27=E22)*(Records!$A$2:$A$27>A22))+1,"") | O22: =IF(K22,G22&"|"&N22,"")
A23: R022 | B23: New | C23: Frank Miller | D23: frank.miller@example.com | E23: 45692 | F23: =TRIM(C23) -> Frank Miller | G23: =LOWER(TRIM(D23)) -> frank.miller@example.com | H23: =F23="" -> FALSE | I23: =G23="" -> FALSE | J23: =IF(I23,FALSE(),AND(ISNUMBER(SEARCH("@",G23)),LEN(G23)-LEN(SUBSTITUTE(G23,"@",""))=1,LEFT(G23,1)<>"@",RIGHT(G23,1)<>"@",ISNUMBER(SEARCH(".",G23,SEARCH("@",G23)+2)),RIGHT(G23,1)<>".",LEN(G23)=LEN(SUBSTITUTE(G23," ","")))) -> TRUE | K23: =AND(NOT(I23),J23) -> TRUE | L23: =OR(H23,NOT(K23)) -> FALSE | M23: =IF(NOT(K23),"",IF(COUNTIFS(Records!$G$2:$G$27,G23,Records!$K$2:$K$27,TRUE())>1,TRUE(),FALSE())) -> TRUE | N23: =IF(K23,SUMPRODUCT((Records!$G$2:$G$27=G23)*(Records!$K$2:$K$27=TRUE())*(Records!$E$2:$E$27>E23))+SUMPRODUCT((Records!$G$2:$G$27=G23)*(Records!$K$2:$K$27=TRUE())*(Records!$E$2:$E$27=E23)*(Records!$A$2:$A$27>A23))+1,"") -> 1 | O23: =IF(K23,G23&"|"&N23,"") -> frank.miller@example.com|1
A24: R023 | B24: New | C24: Rita O'Connor | D24: rita.oconnor@example.com | E24: 45693 | F24: =TRIM(C24) -> Rita O'Connor | G24: =LOWER(TRIM(D24)) -> rita.oconnor@example.com | H24: =F24="" -> FALSE | I24: =G24="" -> FALSE | J24: =IF(I24,FALSE(),AND(ISNUMBER(SEARCH("@",G24)),LEN(G24)-LEN(SUBSTITUTE(G24,"@",""))=1,LEFT(G24,1)<>"@",RIGHT(G24,1)<>"@",ISNUMBER(SEARCH(".",G24,SEARCH("@",G24)+2)),RIGHT(G24,1)<>".",LEN(G24)=LEN(SUBSTITUTE(G24," ","")))) -> TRUE | K24: =AND(NOT(I24),J24) -> TRUE | L24: =OR(H24,NOT(K24)) -> FALSE | M24: =IF(NOT(K24),"",IF(COUNTIFS(Records!$G$2:$G$27,G24,Records!$K$2:$K$27,TRUE())>1,TRUE(),FALSE())) -> FALSE | N24: =IF(K24,SUMPRODUCT((Records!$G$2:$G$27=G24)*(Records!$K$2:$K$27=TRUE())*(Records!$E$2:$E$27>E24))+SUMPRODUCT((Records!$G$2:$G$27=G24)*(Records!$K$2:$K$27=TRUE())*(Records!$E$2:$E$27=E24)*(Records!$A$2:$A$27>A24))+1,"") -> 1 | O24: =IF(K24,G24&"|"&N24,"") -> rita.oconnor@example.com|1
A25: R024 | B25: New | C25: Sam Young | D25: sam.young@example.com | E25: 45694 | F25: =TRIM(C25) -> Sam Young | G25: =LOWER(TRIM(D25)) -> sam.young@example.com | H25: =F25="" -> FALSE | I25: =G25="" -> FALSE | J25: =IF(I25,FALSE(),AND(ISNUMBER(SEARCH("@",G25)),LEN(G25)-LEN(SUBSTITUTE(G25,"@",""))=1,LEFT(G25,1)<>"@",RIGHT(G25,1)<>"@",ISNUMBER(SEARCH(".",G25,SEARCH("@",G25)+2)),RIGHT(G25,1)<>".",LEN(G25)=LEN(SUBSTITUTE(G25," ","")))) -> TRUE | K25: =AND(NOT(I25),J25) -> TRUE | L25: =OR(H25,NOT(K25)) -> FALSE | M25: =IF(NOT(K25),"",IF(COUNTIFS(Records!$G$2:$G$27,G25,Records!$K$2:$K$27,TRUE())>1,TRUE(),FALSE())) -> FALSE | N25: =IF(K25,SUMPRODUCT((Records!$G$2:$G$27=G25)*(Records!$K$2:$K$27=TRUE())*(Records!$E$2:$E$27>E25))+SUMPRODUCT((Records!$G$2:$G$27=G25)*(Records!$K$2:$K$27=TRUE())*(Records!$E$2:$E$27=E25)*(Records!$A$2:$A$27>A25))+1,"") -> 1 | O25: =IF(K25,G25&"|"&N25,"") -> sam.young@example.com|1
A26: R025 | B26: New | C26: Grace Kim | D26: grace.kim@example.com | E26: 45695 | F26: =TRIM(C26) -> Grace Kim | G26: =LOWER(TRIM(D26)) -> grace.kim@example.com | H26: =F26="" -> FALSE | I26: =G26="" -> FALSE | J26: =IF(I26,FALSE(),AND(ISNUMBER(SEARCH("@",G26)),LEN(G26)-LEN(SUBSTITUTE(G26,"@",""))=1,LEFT(G26,1)<>"@",RIGHT(G26,1)<>"@",ISNUMBER(SEARCH(".",G26,SEARCH("@",G26)+2)),RIGHT(G26,1)<>".",LEN(G26)=LEN(SUBSTITUTE(G26," ","")))) -> TRUE | K26: =AND(NOT(I26),J26) -> TRUE | L26: =OR(H26,NOT(K26)) -> FALSE | M26: =IF(NOT(K26),"",IF(COUNTIFS(Records!$G$2:$G$27,G26,Records!$K$2:$K$27,TRUE())>1,TRUE(),FALSE())) -> FALSE | N26: =IF(K26,SUMPRODUCT((Records!$G$2:$G$27=G26)*(Records!$K$2:$K$27=TRUE())*(Records!$E$2:$E$27>E26))+SUMPRODUCT((Records!$G$2:$G$27=G26)*(Records!$K$2:$K$27=TRUE())*(Records!$E$2:$E$27=E26)*(Records!$A$2:$A$27>A26))+1,"") -> 1 | O26: =IF(K26,G26&"|"&N26,"") -> grace.kim@example.com|1
A27: R026 | B27: New | C27: Tara Fields | D27: tara fields@example.com | E27: 45696 | F27: =TRIM(C27) -> Tara Fields | G27: =LOWER(TRIM(D27)) -> tara fields@example.com | H27: =F27="" -> FALSE | I27: =G27="" -> FALSE | J27: =IF(I27,FALSE(),AND(ISNUMBER(SEARCH("@",G27)),LEN(G27)-LEN(SUBSTITUTE(G27,"@",""))=1,LEFT(G27,1)<>"@",RIGHT(G27,1)<>"@",ISNUMBER(SEARCH(".",G27,SEARCH("@",G27)+2)),RIGHT(G27,1)<>".",LEN(G27)=LEN(SUBSTITUTE(G27," ","")))) -> FALSE | K27: =AND(NOT(I27),J27) -> FALSE | L27: =OR(H27,NOT(K27)) -> TRUE | M27: =IF(NOT(K27),"",IF(COUNTIFS(Records!$G$2:$G$27,G27,Records!$K$2:$K$27,TRUE())>1,TRUE(),FALSE())) | N27: =IF(K27,SUMPRODUCT((Records!$G$2:$G$27=G27)*(Records!$K$2:$K$27=TRUE())*(Records!$E$2:$E$27>E27))+SUMPRODUCT((Records!$G$2:$G$27=G27)*(Records!$K$2:$K$27=TRUE())*(Records!$E$2:$E$27=E27)*(Records!$A$2:$A$27>A27))+1,"") | O27: =IF(K27,G27&"|"&N27,"")
A29: Legend:
A30: White rows = Original source data
A31: Yellow rows = Newly added records
A32: Pink rows = Needs review (missing/invalid data)
A34: Columns F-O are derived by formula from the Raw Name / Raw Email / Date Added columns; nothing in this block is hardcoded.

Sheet Coalesced
A1: Coalesced ID | B1: Normalized Email (Key) | C1: Name (Latest Nonblank) | D1: Latest Raw Email (As Submitted) | E1: Latest Date Added | F1: Record Count | G1: Was Duplicate? | H1: Source Record IDs
A2: C001 | B2: alice.johnson@example.com | C2: =IFERROR(INDEX(Records!$F$2:$F$27,MATCH(B2&"|"&(_xlfn.MINIFS(Records!$N$2:$N$27,Records!$G$2:$G$27,B2,Records!$K$2:$K$27,TRUE(),Records!$F$2:$F$27,"<>")),Records!$O$2:$O$27,0)),"") -> Alice Johnson | D2: =IFERROR(INDEX(Records!$D$2:$D$27,MATCH(B2&"|"&_xlfn.MINIFS(Records!$N$2:$N$27,Records!$G$2:$G$27,B2,Records!$K$2:$K$27,TRUE(),Records!$D$2:$D$27,"<>"),Records!$O$2:$O$27,0)),"") -> alice.johnson@example.com | E2: =_xlfn.MAXIFS(Records!$E$2:$E$27,Records!$G$2:$G$27,B2,Records!$K$2:$K$27,TRUE()) -> 45667 | F2: =COUNTIFS(Records!$G$2:$G$27,B2,Records!$K$2:$K$27,TRUE()) -> 1 | G2: =IF(F2>1,"Yes","No") -> No | H2: {=_xlfn.TEXTJOIN(", ",TRUE(),IF((Records!$G$2:$G$27=B2)*(Records!$K$2:$K$27=TRUE()),Records!$A$2:$A$27,""))} -> R001
A3: C002 | B3: bob.smith@example.com | C3: =IFERROR(INDEX(Records!$F$2:$F$27,MATCH(B3&"|"&(_xlfn.MINIFS(Records!$N$2:$N$27,Records!$G$2:$G$27,B3,Records!$K$2:$K$27,TRUE(),Records!$F$2:$F$27,"<>")),Records!$O$2:$O$27,0)),"") -> Bob Smith | D3: =IFERROR(INDEX(Records!$D$2:$D$27,MATCH(B3&"|"&_xlfn.MINIFS(Records!$N$2:$N$27,Records!$G$2:$G$27,B3,Records!$K$2:$K$27,TRUE(),Records!$D$2:$D$27,"<>"),Records!$O$2:$O$27,0)),"") -> bob.smith@example.com | E3: =_xlfn.MAXIFS(Records!$E$2:$E$27,Records!$G$2:$G$27,B3,Records!$K$2:$K$27,TRUE()) -> 45690 | F3: =COUNTIFS(Records!$G$2:$G$27,B3,Records!$K$2:$K$27,TRUE()) -> 3 | G3: =IF(F3>1,"Yes","No") -> Yes | H3: {=_xlfn.TEXTJOIN(", ",TRUE(),IF((Records!$G$2:$G$27=B3)*(Records!$K$2:$K$27=TRUE()),Records!$A$2:$A$27,""))} -> R002, R016, R020
A4: C003 | B4: carla.gomez@example.com | C4: =IFERROR(INDEX(Records!$F$2:$F$27,MATCH(B4&"|"&(_xlfn.MINIFS(Records!$N$2:$N$27,Records!$G$2:$G$27,B4,Records!$K$2:$K$27,TRUE(),Records!$F$2:$F$27,"<>")),Records!$O$2:$O$27,0)),"") -> Carla G. Martinez | D4: =IFERROR(INDEX(Records!$D$2:$D$27,MATCH(B4&"|"&_xlfn.MINIFS(Records!$N$2:$N$27,Records!$G$2:$G$27,B4,Records!$K$2:$K$27,TRUE(),Records!$D$2:$D$27,"<>"),Records!$O$2:$O$27,0)),"") -> CARLA.GOMEZ@EXAMPLE.COM | E4: =_xlfn.MAXIFS(Records!$E$2:$E$27,Records!$G$2:$G$27,B4,Records!$K$2:$K$27,TRUE()) -> 45670 | F4: =COUNTIFS(Records!$G$2:$G$27,B4,Records!$K$2:$K$27,TRUE()) -> 2 | G4: =IF(F4>1,"Yes","No") -> Yes | H4: {=_xlfn.TEXTJOIN(", ",TRUE(),IF((Records!$G$2:$G$27=B4)*(Records!$K$2:$K$27=TRUE()),Records!$A$2:$A$27,""))} -> R003, R017
A5: C004 | B5: david.lee@example.com | C5: =IFERROR(INDEX(Records!$F$2:$F$27,MATCH(B5&"|"&(_xlfn.MINIFS(Records!$N$2:$N$27,Records!$G$2:$G$27,B5,Records!$K$2:$K$27,TRUE(),Records!$F$2:$F$27,"<>")),Records!$O$2:$O$27,0)),"") -> David Lee | D5: =IFERROR(INDEX(Records!$D$2:$D$27,MATCH(B5&"|"&_xlfn.MINIFS(Records!$N$2:$N$27,Records!$G$2:$G$27,B5,Records!$K$2:$K$27,TRUE(),Records!$D$2:$D$27,"<>"),Records!$O$2:$O$27,0)),"") -> david.lee@example.com | E5: =_xlfn.MAXIFS(Records!$E$2:$E$27,Records!$G$2:$G$27,B5,Records!$K$2:$K$27,TRUE()) -> 45670 | F5: =COUNTIFS(Records!$G$2:$G$27,B5,Records!$K$2:$K$27,TRUE()) -> 1 | G5: =IF(F5>1,"Yes","No") -> No | H5: {=_xlfn.TEXTJOIN(", ",TRUE(),IF((Records!$G$2:$G$27=B5)*(Records!$K$2:$K$27=TRUE()),Records!$A$2:$A$27,""))} -> R004
A6: C005 | B6: frank.miller@example.com | C6: =IFERROR(INDEX(Records!$F$2:$F$27,MATCH(B6&"|"&(_xlfn.MINIFS(Records!$N$2:$N$27,Records!$G$2:$G$27,B6,Records!$K$2:$K$27,TRUE(),Records!$F$2:$F$27,"<>")),Records!$O$2:$O$27,0)),"") -> Frank Miller | D6: =IFERROR(INDEX(Records!$D$2:$D$27,MATCH(B6&"|"&_xlfn.MINIFS(Records!$N$2:$N$27,Records!$G$2:$G$27,B6,Records!$K$2:$K$27,TRUE(),Records!$D$2:$D$27,"<>"),Records!$O$2:$O$27,0)),"") -> frank.miller@example.com | E6: =_xlfn.MAXIFS(Records!$E$2:$E$27,Records!$G$2:$G$27,B6,Records!$K$2:$K$27,TRUE()) -> 45692 | F6: =COUNTIFS(Records!$G$2:$G$27,B6,Records!$K$2:$K$27,TRUE()) -> 2 | G6: =IF(F6>1,"Yes","No") -> Yes | H6: {=_xlfn.TEXTJOIN(", ",TRUE(),IF((Records!$G$2:$G$27=B6)*(Records!$K$2:$K$27=TRUE()),Records!$A$2:$A$27,""))} -> R006, R022
A7: C006 | B7: henry.ford@example.com | C7: =IFERROR(INDEX(Records!$F$2:$F$27,MATCH(B7&"|"&(_xlfn.MINIFS(Records!$N$2:$N$27,Records!$G$2:$G$27,B7,Records!$K$2:$K$27,TRUE(),Records!$F$2:$F$27,"<>")),Records!$O$2:$O$27,0)),"") -> Henry Ford | D7: =IFERROR(INDEX(Records!$D$2:$D$27,MATCH(B7&"|"&_xlfn.MINIFS(Records!$N$2:$N$27,Records!$G$2:$G$27,B7,Records!$K$2:$K$27,TRUE(),Records!$D$2:$D$27,"<>"),Records!$O$2:$O$27,0)),"") -> henry.ford@example.com | E7: =_xlfn.MAXIFS(Records!$E$2:$E$27,Records!$G$2:$G$27,B7,Records!$K$2:$K$27,TRUE()) -> 45674 | F7: =COUNTIFS(Records!$G$2:$G$27,B7,Records!$K$2:$K$27,TRUE()) -> 1 | G7: =IF(F7>1,"Yes","No") -> No | H7: {=_xlfn.TEXTJOIN(", ",TRUE(),IF((Records!$G$2:$G$27=B7)*(Records!$K$2:$K$27=TRUE()),Records!$A$2:$A$27,""))} -> R008
A8: C007 | B8: isla.turner@example.com | C8: =IFERROR(INDEX(Records!$F$2:$F$27,MATCH(B8&"|"&(_xlfn.MINIFS(Records!$N$2:$N$27,Records!$G$2:$G$27,B8,Records!$K$2:$K$27,TRUE(),Records!$F$2:$F$27,"<>")),Records!$O$2:$O$27,0)),"") -> Isla Turner | D8: =IFERROR(INDEX(Records!$D$2:$D$27,MATCH(B8&"|"&_xlfn.MINIFS(Records!$N$2:$N$27,Records!$G$2:$G$27,B8,Records!$K$2:$K$27,TRUE(),Records!$D$2:$D$27,"<>"),Records!$O$2:$O$27,0)),"") -> isla.turner@example.com | E8: =_xlfn.MAXIFS(Records!$E$2:$E$27,Records!$G$2:$G$27,B8,Records!$K$2:$K$27,TRUE()) -> 45675 | F8: =COUNTIFS(Records!$G$2:$G$27,B8,Records!$K$2:$K$27,TRUE()) -> 1 | G8: =IF(F8>1,"Yes","No") -> No | H8: {=_xlfn.TEXTJOIN(", ",TRUE(),IF((Records!$G$2:$G$27=B8)*(Records!$K$2:$K$27=TRUE()),Records!$A$2:$A$27,""))} -> R009
A9: C008 | B9: jack.nolan@example.com | C9: =IFERROR(INDEX(Records!$F$2:$F$27,MATCH(B9&"|"&(_xlfn.MINIFS(Records!$N$2:$N$27,Records!$G$2:$G$27,B9,Records!$K$2:$K$27,TRUE(),Records!$F$2:$F$27,"<>")),Records!$O$2:$O$27,0)),"") -> Jack Nolan | D9: =IFERROR(INDEX(Records!$D$2:$D$27,MATCH(B9&"|"&_xlfn.MINIFS(Records!$N$2:$N$27,Records!$G$2:$G$27,B9,Records!$K$2:$K$27,TRUE(),Records!$D$2:$D$27,"<>"),Records!$O$2:$O$27,0)),"") -> jack.nolan@example.com | E9: =_xlfn.MAXIFS(Records!$E$2:$E$27,Records!$G$2:$G$27,B9,Records!$K$2:$K$27,TRUE()) -> 45676 | F9: =COUNTIFS(Records!$G$2:$G$27,B9,Records!$K$2:$K$27,TRUE()) -> 1 | G9: =IF(F9>1,"Yes","No") -> No | H9: {=_xlfn.TEXTJOIN(", ",TRUE(),IF((Records!$G$2:$G$27=B9)*(Records!$K$2:$K$27=TRUE()),Records!$A$2:$A$27,""))} -> R010
A10: C009 | B10: karen.diaz@example.com | C10: =IFERROR(INDEX(Records!$F$2:$F$27,MATCH(B10&"|"&(_xlfn.MINIFS(Records!$N$2:$N$27,Records!$G$2:$G$27,B10,Records!$K$2:$K$27,TRUE(),Records!$F$2:$F$27,"<>")),Records!$O$2:$O$27,0)),"") -> Karen Diaz | D10: =IFERROR(INDEX(Records!$D$2:$D$27,MATCH(B10&"|"&_xlfn.MINIFS(Records!$N$2:$N$27,Records!$G$2:$G$27,B10,Records!$K$2:$K$27,TRUE(),Records!$D$2:$D$27,"<>"),Records!$O$2:$O$27,0)),"") -> karen.diaz@example.com | E10: =_xlfn.MAXIFS(Records!$E$2:$E$27,Records!$G$2:$G$27,B10,Records!$K$2:$K$27,TRUE()) -> 45677 | F10: =COUNTIFS(Records!$G$2:$G$27,B10,Records!$K$2:$K$27,TRUE()) -> 1 | G10: =IF(F10>1,"Yes","No") -> No | H10: {=_xlfn.TEXTJOIN(", ",TRUE(),IF((Records!$G$2:$G$27=B10)*(Records!$K$2:$K$27=TRUE()),Records!$A$2:$A$27,""))} -> R011
A11: C010 | B11: liam.chen@example.com | C11: =IFERROR(INDEX(Records!$F$2:$F$27,MATCH(B11&"|"&(_xlfn.MINIFS(Records!$N$2:$N$27,Records!$G$2:$G$27,B11,Records!$K$2:$K$27,TRUE(),Records!$F$2:$F$27,"<>")),Records!$O$2:$O$27,0)),"") -> Liam Chen | D11: =IFERROR(INDEX(Records!$D$2:$D$27,MATCH(B11&"|"&_xlfn.MINIFS(Records!$N$2:$N$27,Records!$G$2:$G$27,B11,Records!$K$2:$K$27,TRUE(),Records!$D$2:$D$27,"<>"),Records!$O$2:$O$27,0)),"") -> liam.chen@example.com | E11: =_xlfn.MAXIFS(Records!$E$2:$E$27,Records!$G$2:$G$27,B11,Records!$K$2:$K$27,TRUE()) -> 45678 | F11: =COUNTIFS(Records!$G$2:$G$27,B11,Records!$K$2:$K$27,TRUE()) -> 1 | G11: =IF(F11>1,"Yes","No") -> No | H11: {=_xlfn.TEXTJOIN(", ",TRUE(),IF((Records!$G$2:$G$27=B11)*(Records!$K$2:$K$27=TRUE()),Records!$A$2:$A$27,""))} -> R012
A12: C011 | B12: noah.white@example.com | C12: =IFERROR(INDEX(Records!$F$2:$F$27,MATCH(B12&"|"&(_xlfn.MINIFS(Records!$N$2:$N$27,Records!$G$2:$G$27,B12,Records!$K$2:$K$27,TRUE(),Records!$F$2:$F$27,"<>")),Records!$O$2:$O$27,0)),"") -> Noah White | D12: =IFERROR(INDEX(Records!$D$2:$D$27,MATCH(B12&"|"&_xlfn.MINIFS(Records!$N$2:$N$27,Records!$G$2:$G$27,B12,Records!$K$2:$K$27,TRUE(),Records!$D$2:$D$27,"<>"),Records!$O$2:$O$27,0)),"") -> noah.white@example.com | E12: =_xlfn.MAXIFS(Records!$E$2:$E$27,Records!$G$2:$G$27,B12,Records!$K$2:$K$27,TRUE()) -> 45680 | F12: =COUNTIFS(Records!$G$2:$G$27,B12,Records!$K$2:$K$27,TRUE()) -> 1 | G12: =IF(F12>1,"Yes","No") -> No | H12: {=_xlfn.TEXTJOIN(", ",TRUE(),IF((Records!$G$2:$G$27=B12)*(Records!$K$2:$K$27=TRUE()),Records!$A$2:$A$27,""))} -> R014
A13: C012 | B13: olivia.brooks@example.com | C13: =IFERROR(INDEX(Records!$F$2:$F$27,MATCH(B13&"|"&(_xlfn.MINIFS(Records!$N$2:$N$27,Records!$G$2:$G$27,B13,Records!$K$2:$K$27,TRUE(),Records!$F$2:$F$27,"<>")),Records!$O$2:$O$27,0)),"") -> Olivia Brooks | D13: =IFERROR(INDEX(Records!$D$2:$D$27,MATCH(B13&"|"&_xlfn.MINIFS(Records!$N$2:$N$27,Records!$G$2:$G$27,B13,Records!$K$2:$K$27,TRUE(),Records!$D$2:$D$27,"<>"),Records!$O$2:$O$27,0)),"") -> olivia.brooks@example.com | E13: =_xlfn.MAXIFS(Records!$E$2:$E$27,Records!$G$2:$G$27,B13,Records!$K$2:$K$27,TRUE()) -> 45681 | F13: =COUNTIFS(Records!$G$2:$G$27,B13,Records!$K$2:$K$27,TRUE()) -> 1 | G13: =IF(F13>1,"Yes","No") -> No | H13: {=_xlfn.TEXTJOIN(", ",TRUE(),IF((Records!$G$2:$G$27=B13)*(Records!$K$2:$K$27=TRUE()),Records!$A$2:$A$27,""))} -> R015
... A18: C017 | B18: grace.kim@example.com | C18: =IFERROR(INDEX(Records!$F$2:$F$27,MATCH(B18&"|"&(_xlfn.MINIFS(Records!$N$2:$N$27,Records!$G$2:$G$27,B18,Records!$K$2:$K$27,TRUE(),Records!$F$2:$F$27,"<>")),Records!$O$2:$O$27,0)),"") -> Grace Kim | D18: =IFERROR(INDEX(Records!$D$2:$D$27,MATCH(B18&"|"&_xlfn.MINIFS(Records!$N$2:$N$27,Records!$G$2:$G$27,B18,Records!$K$2:$K$27,TRUE(),Records!$D$2:$D$27,"<>"),Records!$O$2:$O$27,0)),"") -> grace.kim@example.com | E18: =_xlfn.MAXIFS(Records!$E$2:$E$27,Records!$G$2:$G$27,B18,Records!$K$2:$K$27,TRUE()) -> 45695 | F18: =COUNTIFS(Records!$G$2:$G$27,B18,Records!$K$2:$K$27,TRUE()) -> 1 | G18: =IF(F18>1,"Yes","No") -> No | H18: {=_xlfn.TEXTJOIN(", ",TRUE(),IF((Records!$G$2:$G$27=B18)*(Records!$K$2:$K$27=TRUE()),Records!$A$2:$A$27,""))} -> R025
A20: Highlighted rows were built from more than one source record (a duplicate email was found).

Sheet Summary
A1: Milestone 3: Transform Data & Validate, Enable Coalesce to Avoid Duplicate Records
A2: Summary of processing results — all figures below are live formulas, not typed-in numbers.
A4: Metric | B4: Value
A5: Rows received (Records sheet) | B5: =COUNTA(Records!$A$2:$A$27) -> 26
A6: Rows flagged: missing name | B6: =COUNTIF(Records!$H$2:$H$27,TRUE()) -> 2
A7: Rows flagged: missing or invalid email | B7: =COUNTIF(Records!$K$2:$K$27,FALSE()) -> 5
A8: Rows needing review (any reason) | B8: =COUNTIF(Records!$L$2:$L$27,TRUE()) -> 6
A9: Rows with a usable (valid) email | B9: =COUNTIF(Records!$K$2:$K$27,TRUE()) -> 21
A10: Duplicate rows detected (valid email seen more than once) | B10: =COUNTIF(Records!$M$2:$M$27,TRUE()) -> 7
A11: Valid unique people (rows in Coalesced sheet) | B11: =COUNTA(Coalesced!$B$2:$B$18) -> 17
A12: Duplicate rows coalesced away (merged into an existing person) | B12: =COUNTIF(Records!$K$2:$K$27,TRUE())-COUNTA(Coalesced!$B$2:$B$18) -> 4
A13: Invalid records excluded from Coalesced (no usable email) | B13: =COUNTA(Records!$A$2:$A$27)-COUNTIF(Records!$K$2:$K$27,TRUE()) -> 5

Sheet Notes
A1: Notes & Coalescing Rule
A3: Sample data | B3: All data in this workbook (Records sheet) is illustrative sample data created for this milestone; no source files were provided. Replace it with real extract data before use.
A5: Transformation rule | B5: Names are trimmed of leading/trailing spaces (TRIM). Emails are trimmed and lower-cased to produce a Normalized Email, which is used as the matching key for duplicate detection and coalescing.
A7: Validation rule | B7: A record is flagged "Needs Review" if its trimmed name is blank, its normalized email is blank, or its normalized email fails a basic syntax check (must contain exactly one "@", not be at the start or end of the string, must contain a "." in the domain portion after at least one character, must not end in ".", and must contain no internal spaces).
A9: Duplicate detection rule | B9: Two or more records are treated as duplicates of the same person when they share the same Normalized Email and that email is syntactically valid (usable as a key). Records with a missing or invalid email cannot be keyed and are therefore never merged, even if another field looks similar.
A11: Coalescing rule | B11: The Coalesced sheet contains exactly one row per valid unique Normalized Email. For each field (currently Name and Raw Email as submitted), the coalesced value is the latest nonblank value across all valid-email records sharing that key, ranked by Date Added (ties broken by the higher Record ID). This means a later record can fill in a field an earlier record left blank, and a later correction supersedes an earlier value, field by field — not simply "use the newest row."
A13: Records excluded from Coalesced | B13: Records whose email is blank or fails the syntax check cannot be matched to any key and are excluded from the Coalesced sheet entirely. They remain visible and flagged for review on the Records sheet. In this sample: • R005 (Erin Walsh) – email missing a domain "." (erin.walsh@example) • R007 (Grace Kim) – email missing entirely • R013 (Mona Patel) – email contains two "@" characters • R021 (blank) – both name and email missing • R026 (Tara Fields) – email contains an internal space Note R006 (Frank Miller, name originally blank) and R007 (Grace Kim, email originally blank) show the opposite case: R006 has a valid email so it IS coalesced (and its later duplicate R022 supplies the name), while R007 has no email at all so it can never be coalesced — a missing name is fixable by a later record, a missing key is not.
A15: Maintaining this workbook | B15: The Records sheet's derived columns (F–O) and every figure on the Summary sheet recalculate automatically from the raw data. The list of unique emails on the Coalesced sheet (column B) is a snapshot of the keys present when this workbook was built; if new emails are added to Records, add matching rows to Coalesced (columns C–H will recalculate automatically once the key is in place).
